Salumeria Pintar Alessio;Via Giovanni Boccaccio, 13, 34170 Gorizia GO;;0481 531570;;GO
Compagnia Delle Carni S.r.l.;Via del Cotonificio, 32, 34170 Gorizia GO;;;;GO
Pittana Michela;Via Francesco Crispi, 5, 34170 Gorizia GO;;335 679 7720;;GO
Macelleria Scarel;Viale XX Settembre, 49, 34170 Gorizia GO;;;;GO
La Buonacarne di Bressan Macelleria Gastronomia Gorizia;Corso Italia, 188, 34170 Gorizia GO;;0481 533043;;GO
Gusto e sapori;Via G. Kugy, 22, 34170 Gorizia GO;https://gusto-e-sapori.business.site/?utm_source=gmb&utm_medium=referral;0481 284693;;GO
Klavcic Giovanni;Piazza Edmondo de Amicis, 6, 34170 Gorizia GO;;0481 393011;;GO
Cooperativa Isontina Macellai - Societa' Cooperativa;Autoporto S. Andrea, Gorizia, Go 34170;;0481 524101;;34170
D'Osvaldo Prosciutti;Via Dante, 40, 34071 Cormons GO;http://www.dosvaldo.it/;0481 61644;info@dosvaldo.it;GO
In Cortile - Salumificio e azienda agricola;;http://www.incortile.it/;0432 928274;info@incortile.it;
Bregant Giorgio;Via S. Giovanni, 9, 34170 Gorizia GO;;0481 530126;;GO
Compagnia Delle Carni S.R.L.;Via IV Novembre, 27/B, 34170 Gorizia GO;;0481 393091;;GO
Supermercato Gusto e sapori Semolič Family;Via G. Kugy, 22, 34170 Gorizia GO;;0481 550589;;GO
Alimentari Povsic Peter;Via Trieste, 261, 34170 Gorizia GO;;0481 21193;;GO
Komauli srl;Via Don Bosco, 169, 34170 Gorizia GO;https://www.spesakomauli.it/;0481 533093;info@spesakomauli.it;GO
Spaccio Salumificio Morgante;Via Pedret, 1, 34076 Romans D'isonzo GO;;;;GO
Semolic Silvano;1 Valico Confinario S. Andrea, 34170 Gorizia GO;;0481 20641;;GO
Cospalat di LUCINICO;Via Alla Stesa, 34170 Gorizia GO;;348 830 6253;;GO
Godina S.r.l.;Via dei Cappuccini, 1, 34170 Gorizia GO;https://www.spesagodina.it/;0481 533136;;GO
Morgante Srl;Via Aquileia, 76, 34076 Romans d'Isonzo GO;http://www.morgante.it/;0481 966511;ask@blackpirates.it name@domain.com marinella.dallacolletta@gmail.com info@morgante.it;GO
Mercato coperto di Campagna Amica di Gorizia;Via IX Agosto, 4/B, 34170 Gorizia GO;http://www.facebook.com/associazioneagrimercatogoriziaetrieste;339 688 4185;;GO
Despar Corso Verdi;Corso Giuseppe Verdi, 127, 34170 Gorizia GO;https://ilgallorosso.eu/;0481 547186;info@gallorosso.eu;GO
Pescheria Da Michele di Mattessich Michele;Via Giovanni Boccaccio, 4, 34170 Gorizia GO;;0481 530018;;GO
SUPERMERCATO A&O;Via dei Cappuccini, 1, 34170 Gorizia GO;https://www.aeo.it/punti-vendita/Friuli%20Venezia%20Giulia/supermercato-aeo-gorizia;0481 533136;super-aeo-logo@2x.png;GO
Crai di Valentinuzzi;Piazza Edmondo de Amicis, 9, 34170 Gorizia GO;https://www.crai-supermercati.it/punti-vendita/pdv.php?id=157;0481 533194;;GO
Fiegl;Località Lenzuolo Bianco, 1, 34170 Oslavia GO;http://www.fieglvini.com/;0481 547103;info@fieglvini.com;GO
Coop;Via Italico Brass, 11, 34170 Gorizia GO;https://www.coopalleanza3-0.it/fare-spesa/elenco-negozi/dettaglio-negozio/5581-gorizia-mercato.html;0481 536108;filo.diretto@alleanza3-0.coop.it;GO
Maxì;Via del S. Michele, 184, 34170 Gorizia GO;https://www.maxisupermercati.it/;0481 21616;;GO
Emporio della Solidarietà - Gorizia;Via del Faiti, 15, 34170 Gorizia GO;https://emporio.asslaginestra.it/;0481 537955;emporio@caritasgorizia.it;GO
Giuseppe Piovesana;Via Alessandro Manzoni, 5, 34170 Gorizia GO;;0481 199 5420;;GO
Salumi Luigi Vida;Via dei Laghi, 28, 33040 Torreano UD;http://www.salumivida.it/;0432 715232;info@salumivida.it;UD
Salumeria Sfreddo - Trieste;Via Cesare Battisti, 1, 34125 Trieste TS;http://www.sfreddo.it/;040 764465;;TS
Alimentari;Via Gorizia, 5, 33057 Jalmicco UD;;;;UD
Salumificio Sfreddo;Via di Giarizzole, 37, 34148 Trieste TS;http://www.sfreddo.it/;040 817357;;TS
Macelleria Spaccio Carni Ma.Vi.;Via Redipuglia, 158, 34077 Ronchi dei Legionari GO;;0481 474155;;GO
Supermercato Famila Gorizia;Via Terza Armata, 34170 Gorizia GO;https://promo.unicomm.it/punti-vendita/famila-di-gorizia?utm_source=GMB&utm_medium=GoogleMyBusiness&utm_campaign=gorizia;0481 525083;;GO
Savonitti Mattia Sas;Piazza della Chiesa, 14, 33033 Codroipo UD;http://www.savonitti.com/;0432 907393;mattia@savonitti.com info@bottega-digitale.it;UD
Alimentari Tomadin;Via C. Cumano, 5, 34071 Cormons GO;https://www.alimentaritomadin.com/;0481 61305;contatto@esempio.it;GO
Dentesano Salumi srl;Via Aquileia, 89, 33050 Percoto UD;http://www.dentesano.it/;0432 676397;info@amazingfood.it shop@dentesano.it. info@dentesano.it shop@dentesano.it;UD
Azienda Agricola Veliscek - L’Angolo del Norcino;Località Novali, 34071 Cormons GO;http://www.terredibeba.it/beba/index.php?option=com_content&view=article&id=167&Itemid=173;347 906 1591;;GO
NaturaSì;Via Ludovico Ariosto, 15, 34170 Gorizia GO;https://negozi.naturasi.it/italia/gorizia/gorizia?utm_source=google&utm_medium=GMBSitelink&utm_campaign=GMBSitelink_Gorizia__26890;0481 520855;gorizia1@naturasi.biz;GO
RebeKin acquolina e vin... Osteria Trattoria Ristorante Cocktail Bar in Gorizia;Via Carlo de Morelli, 13a, 34170 Gorizia GO;https://www.facebook.com/RebeKinGorizia/;0481 090000;;GO
MittelCo S.r.l.;Via F.lli Rusjan, 23, 34070 Savogna D'Isonzo GO;;0481 522752;;GO
Masè Trieste;Via Josip Ressel, n.2, 34018 San Dorligo della Valle TS;https://www.cottomase.it/;040 282 1011;info@mase.world aos@2.3.1 slick-carousel@1.8.1;TS
Macelleria-Salumeria Macorig S.N.C.Di Macorig Paolo E Macorig Andrea;Via Borgo S. Pietro, 11, 33043 Cividale del Friuli UD;;0432 700007;;UD
Societa' Agricola Humar Marino & C. S.S.;20 Loc, 34070 Valerisce GO;http://www.humar.it/;0481 884197;info@humar.it;GO
Food Innovation S.r.l.;Via Isonzo, 25 B, 34170 Mossa GO;http://www.foodinnovation.it/;0481 80501;;GO
Supermercato EUROSPAR Aquileia;Via Aquileia, 67, 34170 Gorizia GO;https://www.despar.it/it/?&utm_source=google&utm_medium=organic&utm_campaign=local-sitoweb-eurospar-aquileia;0481 20577;diego.novo@studiovatore.com;GO
Lidl;Via Terza Armata, 186, 34170 Gorizia GO;https://www.lidl.it/;800 480 048;;GO
Prosciuttificio Bagatto;Via C.Battisti, 26, 33038 San Daniele del Friuli UD;http://www.prosciuttibagatto.it/;0432 957252;info@prosciuttibagatto.it;UD
Agriturismo Ronco dei Masi da Lucia.;Via Pietro Blaserna, 32, 34170 Gorizia GO;https://m.facebook.com/Agriturismo-Ronco-dei-Masi-100107644760956/;366 120 2732;;GO
Agriturismo Grion Gorizia;Via Giulio Aristide Sartorio, 75, 34170 Gorizia GO;https://grionagriturismo.it/;;aziendagrion@gmail.com aziendagrion@gmail.com.;GO
Prosciuttificio Prolongo Giovanni di San Daniele;Via Trento Trieste, 129, 33038 San Daniele del Friuli UD;http://www.prolongo.it/prodotti;0432 957161;prosciutti@prolongo.it;UD
Salumificio Micad - Produzione;Via degli Alpini, 10, 36056 Belvedere VI;http://www.salumificiomicad.it/;0424 561138;info@salumificiomicad.it;VI
Trattoria "Al Piròn" Gorizia;Via Trieste, 15, 34170 Gorizia GO;http://www.alpiron.it/;0481 520513;;GO
Il Giardino Dei Vizi Gorizia;Piazza S. Antonio, 12/13, 34170 Gorizia GO;;347 821 6583;;GO
Nonno lince;Località Pradis, 19, 34071 Cormons GO;http://www.nonnolince.it/;329 066 4565;info@nonnolince.it;GO
Agriturismo alla Madonna Azienda agricola Paolo Vidoz;Stradone della Mainizza, 424, 34170 Gorizia GO;https://agriturismo-alla-madonna.business.site/?utm_source=googlemybusiness&utm_medium=referral;333 775 3426;;GO
Doro Princic;Località Pradis, 34071 Cormons GO;;0481 60723;;GO
Pasticceria L'Oca Golosa;Corso Italia, 201, 34170 Gorizia GO;http://www.pasticceriaocagolosa.it/;0481 21549;ocagolosagorizia@pec.it info@pasticceriaocagolosa.it;GO
iN's Mercato S.p.a;Corso Italia, 169, 34170 Gorizia GO;http://www.insmercato.it/;375 560 2516;;GO
Jolanda de Colò SpA;Via I° Maggio, 21, 33057 Palmanova UD;http://www.jolandadecolo.it/;0432 920321;;UD
Azienda Agricola Feresin Davide;Località S. Quirino, 2/BIS, 34071 Cormons GO;http://www.feresin.it/;0481 630032;davide@feresin.it;GO
Masè;Piazza C. B. Cavour, 4, 34074 Monfalcone GO;;;;GO
Prosciuttificio Wolf Sauris spa;Via Sauris di Sotto, 88, 33020 Sauris di Sotto UD;https://www.wolfsauris.it/;0433 86054;info@wolfsauris.it;UD
Salumificio Artigiano;Via Lughese, 52, 47122 Forlì FC;;0543 701370;;FC
Panificio Pasticceria F.lli Fregonese Snc;P.za S. Giorgio, 32, 34170 Lucinico GO;;380 173 5200;;GO
Prosciuttificio Fogolar;33038 San Daniele del Friuli UD;;;;UD
Agriturismo Frasca Pozzar - Ai Talponi;Via Nazario Sauro, 47, 34075 San Canzian D'isonzo GO;;331 147 8805;;GO
Polje;Località Novali, 11, 34071 Cormons GO;http://www.polje.it/;320 926 1329;info@sutto.it;GO
Salumificio Fratelli Beretta Spa;Via Fratelli Bandiera, 12, 20056 Trezzo sull'Adda MI;https://www.fratelliberetta.com/;02 909851;;MI
Azienda Agricola Donat Roberto;Via XXV Aprile, 13, 34070 San Pier d'Isonzo GO;https://www.aziendadonat.it/;0481 70541;;GO
SALUMERIA AIRAGHI dal 1930;Via Gorizia, 4, 20014 Nerviano MI;;0331 587124;;MI
Gandin Edi;Via S. Zanut, 51, 34070 San Pier D'isonzo GO;;0481 70082;;GO
Cantina Turus;Via dei Campi, 6, 34070 Mossa GO;http://www.cantinaturus.it/;349 475 2916;;GO
Astro Carni;Via S. Rocco, 24, 33030 Basaldella UD;http://www.astrocarni.com/;0432 561412;info@astrocarni.com;UD
Sandri Gino S.N.C.;Via Gorizia, 119/A, 47032 Panighina FC;http://www.sandriginotrippaebudella.it/;0543 448004;info@sandriginotrippaebudella.it;FC
Salumificio Del Ben Ernesto & C. sas;Via Lorenzo Selva, 104B, 33085 Maniago PN;http://www.delben.it/;0427 71211;;PN
Salumificio A. Lovison Srl;Via Ugo Foscolo, N. 18, 33097 Spilimbergo PN;http://www.salumilovison.it/;0427 2068;DSC_9092_600x600@2x.jpg 4F4AE151-4658-46FF-BC06-E766C829FC48_160x160@2x.jpeg Lovison_salumi_MUSETTO_PRECOTTO_480x480@2x.png 7125848F-83FC-4003-BD5E-4024858DC637_160x160@2x.jpeg MUSETTO_CLASSICO_per_web-26_600x600@2x.png SOPRESSA_LOVISON_IN_MANO-calda_1090x_crop_top@2x.png lovison_legatura_salsiccia_600x600@2x.jpg bozzaweb_15_10_2020-05_1090x_crop_top@2x.png SALAME_PUNTA_per_web-07_480x480@2x.png SALAME_per_web-10_480x480@2x.png logo_definitivo_9_13-01_140x@2x.png scatola-musetto-2019-LOVISON_480x480@2x.gif 7ED905DD-C360-4BD7-9339-3C71693AA2F7_160x160@2x.jpeg HOME_PAGE_16_10_2020-07_600x600@2x.png cantina_salami_600x600@2x.jpg F0E42712-7BE7-43E6-8EA1-A8AFBD937CD7_160x160@2x.jpeg IMG_2764m-quadrato_600x600@2x.png;PN
Andrea Furlanis;Via G. Francesco Fortunio, 14, 33170 Pordenone PN;;0434 598194;;PN
Macelleria Salumificio Mio;;http://www.salumificiomio.com/;0434 644904;info@salumificiomio.com;PN
Prosciutteria F.lli Martin;Via della Motta, 20, 33170 Pordenone PN;http://www.fratellimartin.it/;0434 20520;info@fratellimartin.it;PN
Vicenzutto Remigio;Via Murlis, 60, 33080 Zoppola PN;;;;PN
Gierre (S.n.c.);Via Puia, 35, 33080 Prata di Pordenone PN;;;;PN
Salumificio Marescutti Srl;Via Valcellina, 3/M, 33097 Istrago PN;http://www.marescutti.it/;0427 90026;;PN
salumificio;33074 Fontanafredda PN;;;;PN
Antoniazzi Carni;Via E. Torricelli, 9/A, 33080 Porcia PN;;0434 922929;;PN
Macelleria Polesel Gioachino & C Snc;Piazza Italia, 1, 33085 Maniago PN;http://www.pitina.it/;0427 71470;info@macelleriapolesel.it;PN
Macelleria Sapori Di Casa;Via Villanova, 37, 33170 Pordenone PN;;334 957 9586;;PN
Lèbon S.R.L.;Zona Industriale, 33080 Erto PN;http://www.lebon.it/;0427 879249;info@lebon.it;PN
Salumificio Pantarotto;14 Localita' Torricella, San Vito Al Tagliamento, PN 33078, 33098 San Vito al Tagliamento PN;http://www.salumificiopantarotto.it/;0434 874090;info@lorispantarotto.it;PN
Macelleria al Corso;Corso Vittorio Emanuele II, 24/a, 33170 Pordenone PN;http://www.macelleria-al-corso.it/;0434 520780;;PN
Salumificio Coletti Pierino & C.(S.N.C.);Via Pinzano al Tagliamento, 16, 33030 Flagogna UD;http://www.salumificiocoletti.it/;0427 808188;;UD
Gierre S.r.l.;Via Luigi Einaudi, 35, 33080 Prata di Pordenone PN;;0434 610455;;PN
'Salumificio Provesanese S.R.L.';Via Giuseppe Mazzini, 13, 33095 Provesano PN;https://www.gruppodoro.com/;0427 96279;gruppodoro@gmail.com;PN
Salumificio Marescutti;Via Zancan, 9, 33090 Travesio PN;https://www.gruppodoro.com/;;gruppodoro@gmail.com;PN
Partidor Spaccio Carni E Salumi;Via S.Biagio, 8, 33080 San Foca PN;;339 272 1285;;PN
Livio Barbisan;Via Sclavons, 291, 33084 Cordenons PN;;0434 41214;;PN
Macelleria salumeria e gastronomia da Claudio;Via Panciera Conte Camillo di Z, 38, 33080 Zoppola PN;https://macelleria-salumeria-e-gastronomia-da-claudio.business.site/?utm_source=gmb&utm_medium=referral;0434 97038;;PN
Macello Gattel Franco;Via S. Michele, 8, 33084 Cordenons PN;https://www.facebook.com/Spaccio-Carni-Cordenons-101099588883611;0434 931609;;PN
Celussi Luciano - Ingrosso Frutta e Verdura;Via delle Caserme, 22, 33170 Pordenone PN;;0434 366289;;PN
Azienda agricola Pavan Antonino;Via Vial D'Aviano, 30, 33084 Cordenons PN;http://www.campagnamica.it/la-nostra-rete/fattorie/azienda-agricola-pavan-antonino/;0434 930438;azienda.pavan@alice.it;PN
Macelleria Casagrande;Via Sclavons, 18, 33084 Cordenons PN;http://www.facebook.com/Macelleria-Casagrande-Mario-805254546188991;0434 932759;;PN
Macelleria- Spaccio Carni Az.Agr Andreana;Via Vittorio Veneto, 55, 33083 Villotta PN;http://www.stefanuto.com/;0434 630514;;PN
Partidor Spaccio carni e salumi;Via Manzoni, 68, 33080 Bannia PN;;0434 957644;;PN
Dorth 1931 - Macelleria;Via Padre Marco, 13, 33081 Castello d'Aviano PN;http://www.dorth1931.it/;0434 651117;info@dorth1931.it;PN
Del Ben Formaggi;29 Via Maestri Del Lavoro, Via Maestri del Lavoro, 23, 33080 Porcia PN;https://delbenformaggi.it/;0434 593174;info@delbenformaggi.it info@alessiobrusadin.it;PN
Salumificio Pitaccolo G. Srl;Via Malignani, 2, 33050 Castions di strada UD;http://www.salumificiopitaccolo.com/;0432 769779;;UD
Salumificio Pantanali;Viale S. Daniele, 64, 33010 Colugna UD;;0432 401013;;UD
Panificio I Sapori del Grano;Via Cappuccini, 39/A, 33170 Pordenone PN;http://www.panificiosaporidelgrano.it/;0434 241305;;PN
Prosciutti Coradazzi S.N.C.;Via John F. Kennedy, 128, 33038 San Daniele del Friuli UD;https://www.coradazzi.it/;0432 957582;info@coradazzi.it;UD
SARLI'S Baguetterie;Viale Franco Martelli, 9/d, 33170 Pordenone PN;;0434 455772;;PN
Rosticceria Del Ben Ernesto;Via Umberto I, 61, 33085 Maniago PN;http://www.delben.it/;0427 71453;;PN
L'Orto in Città;Via Grandi, 2, 33170 Pordenone PN;http://www.lortoincitta.com/;0434 598191;OiC_marrone_con_campanile_250x@2x.png IMG_20200730_185009_970x@2x.jpg;PN
Macelleria Vicenzutto;Viale delle Repubblica, 48, 33080 Fiume Veneto PN;https://www.vicenzutto.it/;0434 959258;info@vicenzutto.it;PN
Delizie Del Borgo;Via Giosuè Carducci, 37, 33170 Pordenone PN;https://delizie-del-borgo.business.site/?utm_source=gmb&utm_medium=referral;0434 598340;;PN
Salumeria Sassilat;Via Alessandro Manzoni, 81, 30025 Fossalta di Portogruaro VE;http://www.salumeriasassilat.com/;0421 709133;;VE
Prosciuttifici Picaron;Via Battaglione Gemona, 1, 33030 San Daniele del Friuli UD;http://www.picaron.it/;0432 941388;amministrazione@picaron.it spedizioni@picaron.it;UD
Macelleria Moro;Via XX Settembre, 18A, 33080 Roveredo in Piano PN;https://macelleria-moro.business.site/;0434 94147;;PN
Salumificio ZAHRE - Sauris;Via Sauris di Sotto, 33020 Sauris di Sotto UD;http://www.zahre.it/;327 831 4535;;UD
Formaggi Salumi da Maria di Zanette Elda;Via Pasubio Nord, 46, 31016 Cordignano TV;https://www.facebook.com/formaggiesalumidaMaria;0438 995648;;TV
Salumificio ZAHRE S.r.l. di Tavano Elvis - AMPEZZO;Zona Industriale, 07, 33021 Ampezzo UD;http://www.zahre.it/;0433 80406;;UD
Macelleria Salumeria Rosticceria Nadal Pier Giovanni;Via S. S. Rocco e Matteo, 2, 33070 Brugnera PN;;0434 613090;;PN
Macelleria Ciman Sandro;Via Monte Grappa, 99, 33084 Cordenons PN;;0434 930387;;PN
Azienda Agricola Pradarin;Località Pradarin, 7, 33070 Polcenigo PN;http://www.pradarin.it/;333 876 0495;azienda.pradarin@libero.it;PN
SuperOne Pordenone;Via Revedole, 89, 33170 Pordenone PN;https://superone.it/;0434 316565;;PN
Saporito l'amore per i sapori;Via Villafranca, 2, 33080 Orcenico Inferiore PN;http://www.saporitofood.it/;339 876 9685;info@saporitofood.it;PN
INTERSPAR Pordenone (Benedetto Marcello);Via Marcello Benedetto, 7, 33170 Pordenone PN;https://www.despar.it/;0434 544058;diego.novo@studiovatore.com;PN
La Sartoria Vini - Piera1899;Via Pordenone, 33, 33080 San Quirino PN;http://shop.piera1899.com/;345 574 9973;;PN
Prosciutteria Ristorante Paradiso;Via Montereale, 159, 33170 Pordenone PN;https://www.paradiso1937.it/;0434 365419;;PN
Latteria Di Visinale;Via dei Donatori, 10, 33087 Pasiano di Pordenone PN;http://www.latteriadivisinale.it/;0434 610746;;PN
La Degusteria Ferronato 1929;Corso Vittorio Emanuele II, 58, 33170 Pordenone PN;https://www.ferronato1929.it/degusteria;0434 208927;info@ferronato1929.it;PN
Molino Pordenone;Largo S. Giacomo, 1, 33170 Pordenone PN;http://molinopordenone.it/;0434 362421;;PN
Macelleria Matteo;Via Piave, 3/2, 33082 Azzano Decimo PN;https://macelleriamatteo.it/;339 761 7773;matteo.satto@alice.it;PN
CONAD;Viale Michelangelo Grigoletti, 62, 33170 Pordenone PN;https://www.conad.it/ricerca-negozi/negozio.001913.html;0434 362565;;PN
Salumificio Piovesan S.r.l.;Via Cal Lusent, 55, 31040 Pederobba TV;http://www.salumificiopiovesan.com/;0423 688718;info@salumificiopiovesan.com;TV
Brugnolo Distribuzione S.R.L.;Via Sampariva, 3, 33070 Budoia PN;;0434 654276;;PN
DalFaio formaggi e salumi;;https://dalfaio-formaggi-e-salumi.business.site/?utm_source=gmb&utm_medium=referral;393 640 1285;;
Pronto Carni Di Mariuzzi & Cecchin (S.N.C.);Viale Pietro Zancanaro, 31/A, 33077 Sacile PN;http://www.prontocarni.com/;0434 71241;info@prontocarni.com;PN
Macelleria Antonini Noe';Via Piave, 86, 33085 Maniago PN;https://www.noeantonini.it/;0427 71032;;PN
Life 120 Lo Spaccio Cordenons - Pordenone;Via Sclavons, 271, 33084 Cordenons PN;https://life120lospaccio.it/;0434 157 1050;servizioclienti@life120lospaccio.it;PN
Cadoro Supermercati - Pordenone;Viale D'Aviano, 6, 33170 Pordenone PN;https://www.cadoro.it/punti-vendita/pordenone;0434 360606;;PN
Pagotto Carni Macelleria Gastronomia Salumificio;Via Grande di Pezzan, 52, 31030 Pezzan TV;https://www.pagottocarni.it/;0422 397378;pagotto.carni@libero.it;TV
Azienda Agricola Del Zotto Luca;Via Maestra, 109, 33084 Cordenons PN;http://www.unpostoatavola.it/DELZOTTOLUCA/index.html;331 113 8035;info@unpostoatavoala.it ciasadriussa@gmail.com info@unpostoatavola.it;PN
Macelleria Da Loris Di Gregoris Ketti;Piazza 4 Novembre, 14, 33078 San Vito al Tagliamento PN;https://www.lorispantarotto.it/macelleria-da-loris/;0434 80230;info@lorispantarotto.it;PN
Mega Pordenone;Via Volt de Querini, 11, 33070 Pordenone PN;https://www.megaprezzibassi.it/stores/mega-pordenone/;0434 28085;8002200101831@5-1-150x150.jpg 8410100084954@5-1024x1024.jpg 80792840@5-768x768.jpg 8076809575515@5-1-150x150.jpg 80747871@5-1-150x150.jpg 8717163747803@5-1-150x150.jpg 8000380148714@5-1-1000x1000.jpg 8000080004358@5-1536x1536.jpg 8710847959622@5-150x150.jpg 4005686001095@1-300x300.jpg 8003100918482@5-1-1000x1000.jpg 3080216034645@1-1-1536x1536.jpg 8006870130740@1-1-150x150.jpg 8002200101831@5-1-300x300.jpg 80298434@5-1536x1536.jpg 8006870010073@1.jpg 80211228@1-1024x1024.jpg 8000080004334@5-1536x1536.jpg 8002590045326@5-1.jpg 8410100084954@5-1536x1536.jpg 8003650018298@5-150x150.jpg 80298335@5.jpg 8005121000405@5-2-1024x1024.jpg 8007660270714@5-1-1000x1000.jpg 8006922080566@5-1-300x300.jpg 8000080004358@5-768x768.jpg 8006870010028@1.jpg 002207341001@W900H900-1536x1536.jpg 8076809575492@5-768x768.jpg 8002590045326@5-1-150x150.jpg 8000080004334@5-150x150.jpg 3073780968508@1-1-1000x1000.jpg 8717163746684@5-1-150x150.jpg 3412290055603@5-1536x1536.jpg 80298403@5-768x768.jpg 8001210503802@1.jpg 8003650018298@5-1024x1024.jpg 8006870010141@1-1-1000x1000.jpg 8001480054998@5-1-150x150.jpg 8720181148736@5-1000x1000.jpg 80298328@5-1-300x300.jpg 8002053031040@1-1-150x150.jpg 8003650018298@5-300x300.jpg 8002200145132@5-1-1024x1024.jpg 8002626002507@5-768x768.jpg 3080216034645@1-2-300x300.jpg 8006870010011@1-1-768x768.jpg 8001929139583@1-1-300x300.jpg 8000080004303@5.jpg 8001480054974@5-768x768.jpg 8005121214246@5.jpg 8002073100450@5-2-300x300.jpg 8717163747803@5-1-300x300.jpg 8002200101831@5-1-768x768.jpg 8002200145118@5-1-150x150.jpg 3080216034645@1-2-1536x1536.jpg 8002200101831@5-1.jpg 8711000528952@5-1-768x768.jpg 8076809575553@5.jpg 8006870010073@1-1024x1024.jpg 8000050013397@5.jpg 8005121214260@5-1-1536x1536.jpg 80298335@5-1536x1536.jpg 8076809575492@5-150x150.jpg 8006922084748@5.jpg 8001480026148@5.jpg 80298328@5-1-768x768.jpg 8003650018397@5-768x768.jpg 80298403@5.jpg 7613031570126@5-1000x1000.jpg 80298403@5-1024x1024.jpg 8001687000910@5-300x300.jpg 8001210502188@1-1-150x150.jpg 8000380148707@5-1.jpg 80211228@1-150x150.jpg 8007750008364@5-1.jpg 8005121000177@5-1-1024x1024.jpg 8720181148736@5-300x300.jpg 8010518011018@1-1-768x768.jpg 8000050013397@5-1000x1000.jpg 8000080004358@5-300x300.jpg 80322702@5.jpg 8001210502188@1-1-1536x1536.jpg 8002590045326@5-1-768x768.jpg 8006870010080@1-300x300.jpg 8007750006964@5-1-1536x1536.jpg 8000350004583@5-1-1000x1000.jpg 8002053031040@1-1-1536x1536.jpg 80298410@5-1-768x768.jpg 8003650011022@5-150x150.jpg 8711000528952@5-1-1024x1024.jpg 8076809575492@5-1000x1000.jpg 8006922084625@5-1-1000x1000.jpg 8005121000184@5-1-1000x1000.jpg 8000380148707@5-1-150x150.jpg 8001929139583@1-1-1024x1024.jpg 8710847959622@5-768x768.jpg 80792840@5-150x150.jpg 3080216034676@1-1-768x768.jpg 8004387015970@1-1536x1536.jpg 8007750008364@5-1-300x300.jpg 8007660779521@1-1.jpg 8005121000085@5-2-1024x1024.jpg 8076809575508@5-1-300x300.jpg 8001687000910@5-1536x1536.jpg 8005121214260@5-1-1024x1024.jpg 8002626002507@5-150x150.jpg 7613031570126@5-1536x1536.jpg 8057017220084@5-1000x1000.jpg 8711000528952@5-1-150x150.jpg 8000050013397@5-1536x1536.jpg 8000070020153@5.jpg 8004387015970@1-1000x1000.jpg 80108214@5-1-150x150.jpg 8032817240319@5-1-768x768.jpg 8717163747827@5-1-1000x1000.jpg 8076809540230@5-2-300x300.jpg 80211228@1.jpg 8001480054974@5-1024x1024.jpg 80878377@5-300x300.jpg 8008380001732@5-1000x1000.jpg 8001480026148@5-150x150.jpg 80792840@5-300x300.jpg 8003850292238@5-768x768.jpg 8720181148736@5-768x768.jpg 8001687000910@5-1024x1024.jpg 8005121000405@5-2-1536x1536.jpg 8001480054974@5-1536x1536.jpg 8003100918482@5-1-300x300.jpg 80298359@5-1-768x768.jpg 8007185013056@5-1024x1024.jpg 8007185013056@5-1000x1000.jpg 8005121214239@5-1-1536x1536.jpg 80211228@1-768x768.jpg 8006922017029@5.jpg 8000605250437@5-768x768.jpg 8005121000276@5-2-1024x1024.jpg 8007750008364@5-1-1024x1024.jpg 8005121000184@5-1-768x768.jpg 3080216034645@1-2-1024x1024.jpg 80298458@5-150x150.jpg 8032817240319@5-1.jpg 8710847959660@5-150x150.jpg 8000523001364@5-1024x1024.jpg 8007750006964@5-1-150x150.jpg 80322757@5-1-300x300.jpg 8007750008364@5-1-1000x1000.jpg 8006922084625@5-1-768x768.jpg 80322726@5-1024x1024.jpg 8007660270714@5-1-1024x1024.jpg 8076809575492@5-1536x1536.jpg 80322757@5-1-768x768.jpg 3073780968508@1-1-150x150.jpg 8710847959660@5-768x768.jpg 4005686001095@1-150x150.jpg 8000350007461@5-1000x1000.jpg 80747871@5-1.jpg 8006922084625@5-1-150x150.jpg 8005121214239@5-1-300x300.jpg 3412290055603@5-1024x1024.jpg 8005121000177@5-1-1536x1536.jpg 8006922084748@5-1536x1536.jpg 8076809575508@5-1-1024x1024.jpg 8000080004358@5-1000x1000.jpg 8007185013056@5-768x768.jpg 80612629@5-1-1024x1024.jpg 8007185012400@5-1024x1024.jpg 8002626002507@5.jpg 8005121000085@5-2-1536x1536.jpg 8005121214246@5-1536x1536.jpg 3080216034676@1-1-1536x1536.jpg 3412290055603@5.jpg 8003100918482@5-1-1024x1024.jpg 8002590045326@5-1-1024x1024.jpg 8000070020153@5-300x300.jpg 8007750008364@5-1-768x768.jpg 8003850292238@5-1024x1024.jpg 8000605250437@5.jpg 8006870010141@1-1-768x768.jpg 8710847959660@5.jpg 8002200145118@5-1-300x300.jpg 8005121214253@5-1.jpg 80322726@5-1536x1536.jpg 8006870130740@1-1-1024x1024.jpg 8059399001718@5-1536x1536.jpg 8032817240319@5-1-1000x1000.jpg 8007660779521@1-1-300x300.jpg 8006870010011@1-1.jpg 8007185012400@5-1000x1000.jpg 8057017220077@5-1000x1000.jpg 3080216034645@1-1-1000x1000.jpg 8007270501017@5-1-1536x1536.jpg 8057017220077@5-1024x1024.jpg 8002200145132@5-1-150x150.jpg 8000787007423@1-150x150.jpg 8006922084625@5-1-1536x1536.jpg 8005121000405@5-2-300x300.jpg 8000350004583@5-1.jpg 8006870010073@1-150x150.jpg 8002073100450@5-2.jpg 80298335@5-300x300.jpg 8000070020153@5-150x150.jpg 80298380@5-1-768x768.jpg 8007750006964@5-1-768x768.jpg 8007185013070@5-300x300.jpg 80747871@5-1-1024x1024.jpg 3080216034645@1-1.jpg 80108214@5-1-1024x1024.jpg 80298359@5-1-150x150.jpg 8710847959660@5-1024x1024.jpg 8006870010073@1-768x768.jpg 8000080004303@5-768x768.jpg 8003650011022@5.jpg 8000787007423@1-768x768.jpg 8006922084748@5-768x768.jpg 8000080004334@5-1000x1000.jpg 8007185013070@5-1000x1000.jpg 8001480054998@5-1-1000x1000.jpg 8000605250437@5-1024x1024.jpg 8002073100450@5-2-1000x1000.jpg 80298434@5-300x300.jpg 8057017220084@5-1024x1024.jpg 8006922017029@5-1000x1000.jpg 8004190053299@5-1.jpg 002059004001@W5016H2382-768x768.jpg 8002073100450@5-2-150x150.jpg 80298342@5-1.jpg 8003650018298@5-1000x1000.jpg 80298441@5-300x300.jpg 8005121000429@5-1-1024x1024.jpg 80322726@5-300x300.jpg 8000380148714@5-1.jpg 8000080004358@5-150x150.jpg 8007185013056@5-150x150.jpg 8717163747803@5-1-1024x1024.jpg 8000787007423@1-300x300.jpg 8002626002507@5-300x300.jpg 80108214@5-1.jpg 8000523001364@5-768x768.jpg 8001210503802@1-768x768.jpg 8002200101831@5-1-1536x1536.jpg 8002073100450@5-2-1024x1024.jpg 8076809575492@5-1024x1024.jpg 8000605250413@5-1536x1536.jpg 8005121000184@5-1.jpg 8000350007461@5-300x300.jpg 8717163747827@5-1-300x300.jpg 8002626002507@5-1024x1024.jpg 80322757@5-1.jpg 80298328@5-1.jpg 4005686001095@1-1536x1536.jpg 8005121000276@5-2-768x768.jpg 80612629@5-1-150x150.jpg 80298441@5-150x150.jpg 8717163746684@5-1024x1024.jpg 80792840@5.jpg 80298342@5-1-150x150.jpg 8076809575492@5.jpg 8717163746684@5-1536x1536.jpg 8000350004583@5-1-150x150.jpg 8000350004583@5-1-300x300.jpg 8002053031040@1-1-1000x1000.jpg 8002590045326@5-1-1000x1000.jpg 8711000528952@5-1-300x300.jpg 8008380001732@5-768x768.jpg 8717163746684@5-150x150.jpg 8054729871115@5-150x150.jpg 80612629@5-1-300x300.jpg 8003650011084@5-150x150.jpg 7613031570126@5-768x768.jpg 8076809575508@5-1-1000x1000.jpg 8006922084748@5-150x150.jpg 8003650011022@5-1536x1536.jpg 8007660779521@1-1-150x150.jpg 4005686003198@1-300x300.jpg 4005686003198@1-1024x1024.jpg 8004190053299@5-1-150x150.jpg 8000080004303@5-300x300.jpg 8007270501017@5-1-768x768.jpg 80298380@5-1.jpg 80298335@5-1024x1024.jpg 8006922017029@5-1024x1024.jpg 80878377@5-150x150.jpg 80298441@5.jpg 8002200145132@5-1-768x768.jpg 80322702@5-768x768.jpg 8003650018397@5-1000x1000.jpg 8001210502188@1-1-1024x1024.jpg 8006870010011@1-1-1536x1536.jpg 80298359@5-1-1024x1024.jpg 4005686001095@1-1024x1024.jpg 8006870010141@1-1-1536x1536.jpg 8000787007461@1-1.jpg 8000350007461@5-768x768.jpg 8006870010011@1-1-1000x1000.jpg 8410100084954@5-1000x1000.jpg 8006922017029@5-300x300.jpg 7613031570126@5-150x150.jpg 8720181148736@5.jpg 8005121214253@5-1-768x768.jpg 8005121214239@5-1-1000x1000.jpg 8002200145132@5-1.jpg 8006922080566@5-1-1536x1536.jpg 8010518011018@1-1-150x150.jpg 8057017220084@5-1536x1536.jpg 80298359@5-1-300x300.jpg 8003650011084@5-300x300.jpg 8003650018298@5.jpg 80298359@5-1-1536x1536.jpg 8717163747803@5-1-768x768.jpg 4005686003198@1-1536x1536.jpg 8007660270714@5-1.jpg 8000050013397@5-150x150.jpg 8005121000276@5-2-1536x1536.jpg 8006870010080@1-768x768.jpg 80298359@5-1.jpg 8005121000184@5-1-1536x1536.jpg 8001480026148@5-1000x1000.jpg 8710847959622@5-1000x1000.jpg 8007660779521@1-1-1000x1000.jpg 8007750006964@5-1-1024x1024.jpg 8076809575553@5-300x300.jpg 8005121000276@5-2.jpg 80322726@5-768x768.jpg 8002200145118@5-1-1000x1000.jpg 8000380148714@5-1-768x768.jpg 8005121214260@5-1-1000x1000.jpg 8076809575515@5-1-300x300.jpg 8057017220077@5.jpg 8054729871115@5.jpg 002207341001@W900H900-768x768.jpg 3080216034645@1-2-1000x1000.jpg 80298410@5-1-1024x1024.jpg 8003650018397@5-150x150.jpg 8717163747827@5-1-1536x1536.jpg 8717163746684@5-1-768x768.jpg 8006870010080@1-1536x1536.jpg 002059004001@W5016H2382-1024x1024.jpg 8001480054974@5-1000x1000.jpg 8710847959622@5-300x300.jpg 002207341001@W900H900-1024x1024.jpg 002059004001@W5016H2382-1000x1000.jpg 8717163747803@5-1.jpg 8007185013056@5-1536x1536.jpg 8002053031040@1-1-768x768.jpg 8002200101831@5-1-1000x1000.jpg 8007750008364@5-1-1536x1536.jpg 8001687000910@5-1000x1000.jpg 8001480054998@5-1.jpg 8007185013070@5-1024x1024.jpg 80108214@5-1-1536x1536.jpg 8010518011018@1-1-1000x1000.jpg 8076809575553@5-1000x1000.jpg 80298380@5-1-150x150.jpg 8000080004334@5-1024x1024.jpg 3080216034645@1-1-300x300.jpg 8006870010028@1-150x150.jpg 8000787007461@1-1-1024x1024.jpg 8003100918482@5-1-1536x1536.jpg 8003850292238@5-1000x1000.jpg 8005121000429@5-1-150x150.jpg 4005686001095@1-768x768.jpg 8005121000177@5-1.jpg 8005121214246@5-150x150.jpg 80298335@5-1000x1000.jpg 3080216034645@1-1-150x150.jpg 8710847959622@5-1024x1024.jpg 8001210503802@1-1000x1000.jpg 8717163746684@5-1000x1000.jpg 8717163746684@5-300x300.jpg 8006922084625@5-1-1024x1024.jpg 8717163747803@5-1-1000x1000.jpg 8007660779521@1-1-1536x1536.jpg 80298410@5-1-1536x1536.jpg 8006870130740@1-1-1000x1000.jpg 8000787007461@1-1-300x300.jpg 80878377@5.jpg 8005121000276@5-2-1000x1000.jpg 8006870010028@1-768x768.jpg 8000080004358@5.jpg 8007660270714@5-1-300x300.jpg 8007185012400@5-1536x1536.jpg 8710847959660@5-1000x1000.jpg 4005686003198@1-1000x1000.jpg 8006870010141@1-1-1024x1024.jpg 8005121000429@5-1-1536x1536.jpg 002059004001@W5016H2382.jpg 80322757@5-1-1024x1024.jpg 8000070020153@5-1024x1024.jpg 8002053031040@1-1-300x300.jpg 8000380148714@5-1-1024x1024.jpg 8006922017029@5-150x150.jpg 8002200101831@5-1-1024x1024.jpg 8007185013070@5-150x150.jpg 8000380148707@5-1-1536x1536.jpg 8007185012400@5-150x150.jpg 80747871@5-1-300x300.jpg 8005121000184@5-1-1024x1024.jpg 80322757@5-1-1536x1536.jpg 8057017220077@5-150x150.jpg 8006870130740@1-1-300x300.jpg 8006870130740@1-1.jpg 8000050013397@5-1024x1024.jpg 8003100918482@5-1-768x768.jpg 80298342@5-1-1536x1536.jpg 7613031570126@5-1024x1024.jpg 8005121000184@5-1-150x150.jpg 8717163746684@5-1.jpg 8000380148714@5-1-150x150.jpg 8000787007461@1-1-1000x1000.jpg 8005121214246@5-1024x1024.jpg 8000070020153@5-1536x1536.jpg 3080216034676@1-1.jpg 8059399001718@5-768x768.jpg 8720181148736@5-150x150.jpg 8006870010080@1-150x150.jpg 8004387015970@1-300x300.jpg 8057017220077@5-768x768.jpg 80211228@1-300x300.jpg 8076809575508@5-1-1536x1536.jpg 8010518011018@1-1.jpg 8076809575515@5-1-1000x1000.jpg 8000350007461@5-1024x1024.jpg 8000605250413@5-768x768.jpg 80322757@5-1-1000x1000.jpg 4005686003198@1.jpg 8717163746684@5-1-300x300.jpg 8001480026148@5-300x300.jpg 8007270501017@5-1.jpg 8032817240319@5-1-150x150.jpg 8076809540230@5-2-150x150.jpg 8010518011018@1-1-300x300.jpg 8006922084625@5-1.jpg 8076809575553@5-1024x1024.jpg 80298342@5-1-768x768.jpg 8005121000184@5-1-300x300.jpg 8005121214253@5-1-1000x1000.jpg 8000380148707@5-1-768x768.jpg 80298328@5-1-1024x1024.jpg 8003650018298@5-768x768.jpg 3080216034645@1-2.jpg 3412290055603@5-768x768.jpg 4005686001095@1.jpg 8032817240319@5-1-1024x1024.jpg 8002200145132@5-1-1536x1536.jpg 8003650011084@5.jpg 8000380148707@5-1-300x300.jpg 80322702@5-300x300.jpg 80792840@5-1024x1024.jpg 8006922080566@5-1-1024x1024.jpg 8003650018397@5-300x300.jpg 8001480054974@5-150x150.jpg 8054729871115@5-768x768.jpg 8006870010141@1-1-150x150.jpg 002207341001@W900H900.jpg 8711000528952@5-1.jpg 8003100820457@5-1000x1000.jpg 8005121000276@5-2-150x150.jpg 8057017220084@5-150x150.jpg 8000380148714@5-1-1536x1536.jpg 8000080004327@5.jpg 8002200145118@5-1-1024x1024.jpg 8717163746684@5-768x768.jpg 80322726@5.jpg 8006870010011@1-1-150x150.jpg 80108214@5-1-300x300.jpg 8007750006964@5-1-300x300.jpg 80298441@5-768x768.jpg 8000070020153@5-1000x1000.jpg 80298342@5-1-1000x1000.jpg 8057017220077@5-300x300.jpg 3073780968508@1-1-1536x1536.jpg 80298410@5-1-1000x1000.jpg 4005686001095@1-1000x1000.jpg 8004387015970@1.jpg 8410100084954@5-150x150.jpg 8003650018397@5-1536x1536.jpg 80298403@5-150x150.jpg 8001480054974@5-300x300.jpg 8005121000276@5-2-300x300.jpg 8008380001732@5-1024x1024.jpg 8008380001732@5-1536x1536.jpg 8003100820457@5-1536x1536.jpg 3073780968508@1-1-768x768.jpg 8410100084954@5.jpg 8007270501017@5-1-150x150.jpg 8001929139583@1-1-768x768.jpg 8000050013397@5-768x768.jpg 80747871@5-1-1000x1000.jpg 8002200145132@5-1-1000x1000.jpg 80298328@5-1-1536x1536.jpg 80298458@5-1536x1536.jpg 8005121214239@5-1-150x150.jpg 8005121000177@5-1-300x300.jpg 80322757@5-1-150x150.jpg 80298458@5-768x768.jpg 8000787007423@1-1000x1000.jpg 8717163746684@5-1-1024x1024.jpg 80211228@1-1536x1536.jpg 8001210502188@1-1-300x300.jpg 8032817240319@5-1-300x300.jpg 8005121000429@5-1-768x768.jpg 8005121000085@5-2-1000x1000.jpg 8000080004358@5-1024x1024.jpg 8004190053299@5-1-1536x1536.jpg 8006922084748@5-1024x1024.jpg 8711000528952@5-1-1000x1000.jpg 80322702@5-1000x1000.jpg 8054729871115@5-1024x1024.jpg 8007270501017@5-1-300x300.jpg 8010518011018@1-1-1024x1024.jpg 8002200145118@5-1-1536x1536.jpg 8003650018397@5.jpg 8007660270714@5-1-768x768.jpg 8001929139583@1-1-150x150.jpg 8002053031040@1-1-1024x1024.jpg 80298441@5-1536x1536.jpg 80322726@5-150x150.jpg 8005121000085@5-2-150x150.jpg 8002053031040@1-1.jpg 8001480054998@5-1-1536x1536.jpg 3073780968508@1-1-300x300.jpg 80878377@5-1000x1000.jpg 8008380001732@5-300x300.jpg 8005121000429@5-1.jpg 80298380@5-1-1536x1536.jpg 8005121214253@5-1-1024x1024.jpg 8005121214260@5-1-300x300.jpg 8000787007461@1-1-1536x1536.jpg 80298458@5-1024x1024.jpg 80298458@5-300x300.jpg 8000605250437@5-150x150.jpg 8000605250413@5-1000x1000.jpg 3080216034645@1-2-768x768.jpg 8007750006964@5-1.jpg 8001929139583@1-1.jpg 8003100820457@5-150x150.jpg 8002590045326@5-1-300x300.jpg 8717163747827@5-1-150x150.jpg 8005121000177@5-1-150x150.jpg 8003650018397@5-1024x1024.jpg 8000080004334@5-768x768.jpg 80878377@5-768x768.jpg 8710847959660@5-300x300.jpg 8032817240319@5-1-1536x1536.jpg 8006870010073@1-1000x1000.jpg 8059399001718@5.jpg 8006870010028@1-1000x1000.jpg 80322702@5-150x150.jpg 8001480026148@5-1024x1024.jpg 80747871@5-1-1536x1536.jpg 8076809575515@5-1-768x768.jpg 8054729871115@5-300x300.jpg 8717163746684@5-1-1536x1536.jpg 3080216034645@1-1-1024x1024.jpg 8007185012400@5.jpg 002207341001@W900H900-300x300.jpg 8005121000085@5-2-300x300.jpg 80108214@5-1-1000x1000.jpg 8004387015970@1-150x150.jpg 8000080004303@5-1024x1024.jpg 8410100084954@5-300x300.jpg 8005121000429@5-1-1000x1000.jpg 3080216034676@1-1-300x300.jpg 80298441@5-1024x1024.jpg 8005121214253@5-1-150x150.jpg 80298434@5-1024x1024.jpg 80878377@5-1024x1024.jpg 80298434@5.jpg 8001480054998@5-1-768x768.jpg 80108214@5-1-768x768.jpg 8076809575515@5-1-1536x1536.jpg 8076809540230@5-2-768x768.jpg 8006870130740@1-1-1536x1536.jpg 8001210502188@1-1.jpg 8003850292238@5.jpg 8008380001732@5-150x150.jpg 8005121214239@5-1.jpg 8007185013070@5-768x768.jpg 80792840@5-1536x1536.jpg 8000605250437@5-1536x1536.jpg 8001210503802@1-1536x1536.jpg 8000350007461@5-150x150.jpg 8000605250437@5-1000x1000.jpg 8717163746684@5-1-1000x1000.jpg 8000380148714@5-1-300x300.jpg 8005121000085@5-2-768x768.jpg 8717163747827@5-1.jpg 8001480026148@5-768x768.jpg 8002073100450@5-2-1536x1536.jpg 80298380@5-1-300x300.jpg 8006870010028@1-1024x1024.jpg 8003650011022@5-1000x1000.jpg 80298342@5-1-1024x1024.jpg 8006870010011@1-1-300x300.jpg 8000605250413@5-1024x1024.jpg 8002200145118@5-1-768x768.jpg 8057017220084@5.jpg 002207341001@W900H900-1000x1000.jpg 80298403@5-1536x1536.jpg 8002200145118@5-1.jpg 8000350004583@5-1-1536x1536.jpg 8000080004334@5-300x300.jpg 8005121214260@5-1-150x150.jpg 3080216034676@1-1-1024x1024.jpg 8007185013070@5-1536x1536.jpg 80792840@5-1000x1000.jpg 8006922084748@5-1000x1000.jpg 3080216034645@1-2-150x150.jpg 8006870010141@1-1.jpg 80298403@5-300x300.jpg 8076809575492@5-300x300.jpg 8710847959660@5-1536x1536.jpg 8059399001718@5-300x300.jpg 8059399001718@5-1000x1000.jpg 8002590045326@5-1-1536x1536.jpg 8000350007461@5.jpg 8076809540230@5-2.jpg 80322702@5-1024x1024.jpg 8003100820457@5-768x768.jpg 8003100820457@5-1024x1024.jpg 8000080004334@5.jpg 8720181148736@5-1536x1536.jpg 8000080004303@5-1000x1000.jpg 8003650011022@5-768x768.jpg 8410100084954@5-768x768.jpg 8000605250413@5.jpg 8000523001364@5-1536x1536.jpg 80298359@5-1-1000x1000.jpg 8001687000910@5-768x768.jpg 8000523001364@5-1000x1000.jpg 8003850292238@5-1536x1536.jpg 80298380@5-1-1024x1024.jpg 3412290055603@5-150x150.jpg 8006922080566@5-1-768x768.jpg 3412290055603@5-1000x1000.jpg 8076809575508@5-1.jpg 8717163746684@5.jpg 8000070020153@5-768x768.jpg 8003100918482@5-1-150x150.jpg 8720181148736@5-1024x1024.jpg 80747871@5-1-768x768.jpg 8000787007423@1-1024x1024.jpg 8007185013070@5.jpg 8057017220077@5-1536x1536.jpg 8076809575508@5-1-768x768.jpg 8005121214260@5-1-768x768.jpg 8000523001364@5.jpg 8000080004303@5-150x150.jpg 8710847959622@5.jpg 8001210503802@1-150x150.jpg 8076809575553@5-150x150.jpg 8003650011084@5-768x768.jpg 8006922084748@5-300x300.jpg 8007185013056@5.jpg 8076809540230@5-2-1000x1000.jpg 8711000528952@5-1-1536x1536.jpg 80612629@5-1-768x768.jpg 8010518011018@1-1-1536x1536.jpg 8000050013397@5-300x300.jpg 8000523001364@5-150x150.jpg 8004190053299@5-1-1000x1000.jpg 8006870010080@1-1024x1024.jpg 80298403@5-1000x1000.jpg 8006870010141@1-1-300x300.jpg 8007750008364@5-1-150x150.jpg 8001480054998@5-1-1024x1024.jpg 8000523001364@5-300x300.jpg 80298458@5-1000x1000.jpg 3412290055603@5-300x300.jpg 8076809575515@5-1.jpg 8006870010028@1-1536x1536.jpg 8004190053299@5-1-1024x1024.jpg 8076809540230@5-2-1536x1536.jpg 8007660270714@5-1-1536x1536.jpg 80211228@1-1000x1000.jpg 80298335@5-150x150.jpg 8005121000405@5-2-1000x1000.jpg 8005121214246@5-768x768.jpg 8001210502188@1-1-1000x1000.jpg 8001929139583@1-1-1536x1536.jpg 8006870010080@1.jpg 8717163747803@5-1-1536x1536.jpg 8000350007461@5-1536x1536.jpg 8007270501017@5-1-1000x1000.jpg 80298335@5-768x768.jpg 7613031570126@5.jpg 8002200145132@5-1-300x300.jpg 3080216034645@1-1-768x768.jpg 8000605250413@5-150x150.jpg 8001687000910@5-150x150.jpg 8014037001888@5-1.jpg 80298441@5-1000x1000.jpg 8003100820457@5-300x300.jpg 8005121000405@5-2.jpg 8005121214239@5-1-1024x1024.jpg 8059399001718@5-150x150.jpg 8006922080566@5-1-150x150.jpg 80878377@5-1536x1536.jpg 8007185012400@5-768x768.jpg 8000787007461@1-1-150x150.jpg 002059004001@W5016H2382-1536x1536.jpg 8007185013056@5-300x300.jpg 4005686003198@1-768x768.jpg 8003650011084@5-1536x1536.jpg 80298328@5-1-150x150.jpg 80298410@5-1.jpg 3073780968508@1-1-1024x1024.jpg 8003650011084@5-1024x1024.jpg 80298458@5.jpg 80612629@5-1.jpg 8001210502188@1-1-768x768.jpg 8006922017029@5-768x768.jpg 8005121000405@5-2-150x150.jpg 8002073100450@5-2-768x768.jpg 8004387015970@1-768x768.jpg 8007660779521@1-1-1024x1024.jpg 8000350004583@5-1-1024x1024.jpg 8001480054998@5-1-300x300.jpg 8059399001718@5-1024x1024.jpg 8005121214253@5-1-1536x1536.jpg 8007750006964@5-1-1000x1000.jpg 8076809575508@5-1-150x150.jpg 8076809575515@5-1-1024x1024.jpg 8006870010011@1-1-1024x1024.jpg 8007660270714@5-1-150x150.jpg 8076809575553@5-768x768.jpg 8005121214260@5-1.jpg 8003850292238@5-300x300.jpg 8001210503802@1-1024x1024.jpg 80298410@5-1-150x150.jpg 80322702@5-1536x1536.jpg 3080216034676@1-1-1000x1000.jpg 8006922017029@5-1536x1536.jpg 8006870010028@1-300x300.jpg 3080216034676@1-1-150x150.jpg 8004387015970@1-1024x1024.jpg 8004190053299@5-1-300x300.jpg 8005121214246@5-300x300.jpg 8001687000910@5.jpg 8003850292238@5-150x150.jpg 80612629@5-1-1000x1000.jpg 8007185012400@5-300x300.jpg 8006922080566@5-1-1000x1000.jpg 80298328@5-1-1000x1000.jpg 8000787007461@1-1-768x768.jpg 8005121214246@5-1000x1000.jpg 8000787007423@1-1536x1536.jpg 8057017220084@5-768x768.jpg 8001929139583@1-1-1000x1000.jpg 80298410@5-1-300x300.jpg 80298434@5-150x150.jpg 8006870010080@1-1000x1000.jpg 8000787007423@1.jpg 8006922084625@5-1-300x300.jpg 8000605250413@5-300x300.jpg 8007660779521@1-1-768x768.jpg 80322726@5-1000x1000.jpg 8005121000177@5-1-768x768.jpg 8717163747827@5-1-1024x1024.jpg 3073780968508@1-1.jpg 8006870010073@1-1536x1536.jpg 8001480054974@5.jpg 80612629@5-1-1536x1536.jpg 8005121000085@5-2.jpg 80298380@5-1-1000x1000.jpg 8717163747827@5-1-768x768.jpg 8054729871115@5-1000x1000.jpg 8005121000177@5-1-1000x1000.jpg 8006870010073@1-300x300.jpg 8004190053299@5-1-768x768.jpg 8005121000429@5-1-300x300.jpg 8001210503802@1-300x300.jpg 80298434@5-1000x1000.jpg 4005686003198@1-150x150.jpg 002207341001@W900H900-150x150.jpg 8006870130740@1-1-768x768.jpg 8003650011022@5-300x300.jpg 8076809540230@5-2-1024x1024.jpg 8006922080566@5-1.jpg 8000380148707@5-1-1024x1024.jpg 8002626002507@5-1536x1536.jpg 8054729871115@5-1536x1536.jpg 8003650011022@5-1024x1024.jpg 8057017220084@5-300x300.jpg 8710847959622@5-1536x1536.jpg 80298434@5-768x768.jpg 8005121000405@5-2-768x768.jpg 002059004001@W5016H2382-150x150.jpg 8005121214253@5-1-300x300.jpg 002059004001@W5016H2382-300x300.jpg 8001480026148@5-1536x1536.jpg 8003100918482@5-1.jpg 8003650018298@5-1536x1536.jpg 8007270501017@5-1-1024x1024.jpg 8008380001732@5.jpg 8000380148707@5-1-1000x1000.jpg 8000605250437@5-300x300.jpg 8002626002507@5-1000x1000.jpg 8000080004303@5-1536x1536.jpg 8003650011084@5-1000x1000.jpg 8076809575553@5-1536x1536.jpg 7613031570126@5-300x300.jpg 80298342@5-1-300x300.jpg 8005121214239@5-1-768x768.jpg 8003100820457@5.jpg 8000350004583@5-1-768x768.jpg;PN
Dal Barba Sucon;Piazzale Duca D'Aosta, 23, 33170 Pordenone PN;https://dalbarbasuconexbarduca.business.site/;346 542 9878;;PN
Casa del Formaggio Sacile;Viale Pietro Zancanaro, 40/c, 33077 Sacile PN;https://www.casadelformaggio.it/;0434 70022;;PN
Casera Costa Cervera;33070 Polcenigo PN;https://www.facebook.com/dallecelant/;;;PN
Salumificio F.lli Celin Srl;Via Barbariga, 118, 30032 Fiesso VE;http://www.salumificiocelin.com/;049 982 9346;intersection-observer-polyfill@0.1.0 commerciale@salumificiocelin.it;VE
Masè - Sapori d'autore dal 1870;Via Josip Ressel, 2, 34018 San Dorligo della Valle TS;http://www.mase.world/;040 282 1011;info@mase.world aos@2.3.1 slick-carousel@1.8.1;TS
Cergoli Rodolfo E Franco (S.N.C.);Via Giosuè Carducci, 35, 34131 Trieste TS;;040 636106;;TS
Lassini Karsten & C. Macelleria;Via Barbariga, 11/b, 34135 Trieste TS;;040 413370;;TS
Antica Bottega Del Gusto;Via delle Torri, 1, 34122 Trieste TS;http://www.villanovich.com/;040 631820;;TS
salumeria perusco;Via Pietro Zorutti, 21, 34144 Trieste TS;http://salumeriaperusco.weebly.com/;393 864 7200;;TS
Il Boss Dei Salumi;Via dei Giacinti, 30/C, 34135 Trieste TS;;;;TS
Ciacchi Specialità Gastronomiche S.r.l.;Loc. Santa Barbara, 81\A, 34015 Muggia TS;;040 272781;;TS
Salumai dal 1960;Via di Cavana, 8, 34100 Trieste TS;;040 247 7629;;TS
Antica salumeria dell'angolo;Via Cecilia de Rittmeyer, 10/A, 34134 Trieste TS;https://www.facebook.com/anticasalumeriadellangolo/;324 586 6222;;TS
Tamburini (Macelleria Carni);Piazza Carlo Goldoni, 9, 34122 Trieste TS;http://www.macelleriatamburini.it/it/prodotti.html;040 662268;info@macelleriatamburini.it;TS
Salumi Mase' Spa;Via dell'Istria, 9, 34137 Trieste TS;;040 765462;;TS
Vattovaz Fulvio;Via S. Nazario, 46, 34151 Trieste TS;;040 252 8145;;TS
Salumi-Formaggi;Via delle Settefontane, 10, 34015 Trieste TS;;;;TS
La Salumeria Di Marsi Sabrina;Via delle Settefontane, 21, 34141 Trieste TS;https://www.lasalumeria.eu/;040 392311;;TS
Macelleria Gustini Massimiliano;Via Giulia, 31, 34126 Trieste TS;;040 573160;;TS
Macelleria Tutto Carni;Via Cesare Battisti, 3, 34125 Trieste TS;http://www.macelleriatuttocarni.it/;040 636414;maurizio.zoch@gmail.com;TS
Macelleria Fabrizio;Largo Petazzi, 1, 34135 Trieste TS;;040 414207;;TS
VIDUSSI Cantina;Località Spessa, 18, 34070 Capriva del Friuli GO;http://www.vinividussi.it/;342 993 5908;;GO
Azienda Agricola La Ferula;Via Martiri della Libertà, 24, 34079 Staranzano GO;;333 463 4624;;GO
C.T.S. Srl Centro Toscano Salumi;Via dei Nencini, 21, 56020 Orentano PI;http://salumificiocts.it/;0583 23782;fortuna.rappresentanze@gmail.com centrotoscanosalumi@pecimprese.it info@salumificiocts.it valentina.ctssrl@gmail.com qualita@salumificiocts.it centrotoscanosalumi@pecimprese.it. cts.commerciale@gmail.com;PI
I Salumi Del Divin;Via Menogno, 4, 28855 Masera VB;https://divinporcello.it/;335 789 7734;info@divinporcello.it salumi@divinporcello.it enotecadeldivinporcello@outlook.it;VB
Salumificio Simonini E Marvani (S.N.C.);Via Don Luigi Sturzo, 6, 43100 Langhirano PR;http://www.simoniniemarvani.it/;0521 857474;;PR
Salumificio del Po;Stradello Mescoli, 6, 46027 San Benedetto Po MN;http://www.salumificiodelpo.it/;0376 615343;info@salumificiodelpo.it;MN
Agriturismo Stekar Sonia;Località Giasbana, 25, 34070 San Floriano del Collio GO;https://www.facebook.com/Agriturismo-Stekar-Sonia-132110763527330/;0481 391929;;GO
Azienda Agricola Ronc Di Guglielmo di Domenis Guglielmo;Via Cormons, 185, 33043 Spessa UD;http://www.roncdiguglielmo.com/;339 697 6212;info@roncdiguglielmo.com;UD
Salsamentaria OLVINO MORGANTE;Via Alberto Boccardi, 4, 34124 Trieste TS;http://www.olvinomorgante.it/;040 265 0631;salsamentaria.trieste@spin.it;TS
Golfera in Lavezzola S.p.A.;Via dell'Industria, 6/8, 48017 Lavezzola RA;http://golfera.it/;0545 80615;avisani@golfera.it clienti@pec.golfera.it szavaglia@golfera.it gbandini@golfera.it ezavaglia@golfera.it export@golfera.it info@golfera.it ordini@golfera.it;RA
Supermercato EUROSPAR Lucinico;Via Udine, 99, 34170 Lucinico GO;https://www.despar.it/it/?&utm_source=google&utm_medium=organic&utm_campaign=local-sitoweb-eurospar-lucinico;0481 391866;diego.novo@studiovatore.com;GO
ALDI Ronchi dei Legionari;Via Pietro Micca, 6/c, 34077 Ronchi dei Legionari GO;https://www.aldi.it/it/trova-il-punto-vendita/aldi-gorizia/aldi-ronchi-dei-legionari.html?pk_campaign=GMB&pk_source=google;800 370 370;;GO
Sindacato Cgil Gorizia;Via Antonio Canova, 1, 34170 Gorizia GO;;0481 522518;;GO
Latteria Sociale di Cividale | Corno di Rosazzo;Via P. Zorutti, 1, 33040 Corno di Rosazzo UD;https://www.latteriacividale.it/;0432 753206;info@latteriacividale.it cividale@latteriapec.it;UD
Supermercato Eurospar Brumat;Via Papalina, 1, 34072 Gradisca D'isonzo GO;http://www.spesabrumat.it/;0481 99688;;GO
Despar;Via Tommaseo, 84, 34070 San Lorenzo Isontino GO;https://www.despar.it/;0481 80218;diego.novo@studiovatore.com;GO
Azienda vitivinicola Ballaminut, B&B;Viale XX Settembre, 8, 33050 Terzo D'aquileia UD;https://www.ballaminut.it/;0431 33391;vino@elated-themes.com luca.ballaminutvini@gmail.com;UD
PAUSSA's Bakery - Cormons;Via Vino della Pace, 34, 34071 Cormons GO;https://paussas-bakery-cormons.business.site/;0481 090147;;GO
Crai Di Cormons di Quarin Trade;Via Pescheria, 6, 34071 Cormons GO;https://www.crai-supermercati.it/punto-vendita/1267-crai-cormons/;0481 60323;;GO
Macelleria Zurma;Viale Pontebbana, 42, 33010 Cassacco UD;http://www.macelleriazurma.it/;0432 853907;Copyright@macelleriazurma.it vendita@macelleriazurma.it;UD
Salumificio Timpa del Cinghiale - Polaris s.a.s. di Maria Monaco;Via Germania, Piano San Nicola di Pietragalla, 85020 Pietragalla PZ;http://www.timpadelcinghiale.com/;0971 685002;info@timpadelcinghiale.com;PZ
Carrefour Market - Torino Gorizia;Via Gorizia, 82, 10136 Torino TO;https://www.carrefour.it/punti-vendita/carrefour-market-torino-via-gorizia-82-0605.html;011 321130;;TO
CAF-CGIL-GORIZIA;Via Michelangelo Buonarroti, 6D, 34170 Gorizia GO;http://www.cgilfvg.it/servizi_gorizia.php;0481 31000;segreteria@pec.cgilregionale-fvg.it simonitmarina@gmail.com;GO
Enoteca di Cormòns;Piazza XXIV Maggio, 21, 34071 Cormons GO;http://www.enotecadicormons.com/;0481 630371;eshop@enotecadicormons.com;GO
Salumificio La Rocca;via Caneto, 29014 Castell'Arquato PC;http://www.salumificiolarocca.com/;0523 805139;;PC
Calligaris Patrizia;Via Guglielmo Marconi, 23, 33057 Palmanova UD;;0432 924191;;UD
La Casa del Prosciutto "Alberti 1906";Via Teobaldo Ciconi, 24, 33038 San Daniele del Friuli UD;http://www.lacasadelprosciutto.com/;0432 957422;casapros@legalmail.it info@lacasadelprosciutto.com;UD
Dpiù Supermercato Cormons (Go);Via Isonzo, 115, 34071 Cormons GO;https://www.d-piu.com/;0481 639008;;GO
Locanda Orologio;Via XXIV Maggio, 34, 34071 Brazzano GO;https://www.locandaorologio.it/;0481 60028;info@locandaorologio.it;GO
Frutta Verdura Plateroti Rossella;Via Redipuglia, 42, 34077 Ronchi dei Legionari GO;;0481 360106;;GO
Eurospin;Via Grado, 50, 34074 Monfalcone GO;https://www.eurospin.it/punti-vendita/monfalcone-via-grado-100145/;045 786 2000;privacy@eurospin.it. 909330@3x.jpg dpo@eurospin.it;GO
Vigneti Conte - La Contessa;Via F. Petrarca, 24, 34074 Monfalcone GO;http://www.vigneticonte.it/;339 547 4702;vigneticonte@gmail.com;GO
Supermercato Butussi;Via Pio Paschini, 26, 33040 Corno di Rosazzo UD;https://www.ebay.it/str/supermercatobutussi;0432 759335;supermercatobutussi@gmail.com;UD
INTERSPAR;Cesta 25. junija 1a, 5000 Nova Gorica, Slovenia;https://www.spar.si/trgovine/interspar-nova-gorica-5000-cesta-25-junija-1a;+386 5 335 49 00;;Slovenia
La Tiella - Gastronomia pugliese;Via Udine, 36, 33170 Pordenone PN;http://www.latiella.it/;0434 938266;info@latiella.it gabriella@latiella.it;PN
Gusti E Sapori;Via delle Caserme, 22, 33170 Pordenone PN;;0434 036273;;PN
Macelleria Leon;Via S. Quirino, 33, 33170 Pordenone PN;;0434 365193;;PN
Panificio Gastronomia Pasticceria F.lli Martin 1958;A., Via Agostino Gemelli, 31, 33170 Pordenone PN;http://www.martingourmet.it/;0434 571424;info@martingourmet.it;PN
Salumificio Bovolenta S.n.c.;SP7, 132, 45012 Rivà RO;http://www.salumificiobovolenta.com/;0426 79014;;RO
Azienda Agricola Sorgi Mauro;33082 Azzano Decimo PN;;0434 633277;;PN
La Bufala;Via Monte Grappa, 74, 33084 Cordenons PN;;334 749 5353;;PN
Tosoni Formaggi;Via Barbeano, 9/F, 33097 Spilimbergo PN;http://www.tosoniformaggi.it/;0427 2800;;PN
Osteria Al Cavaliere Perso;Via della Motta, 9, 33170 Pordenone PN;https://alcavaliereperso.com/;0434 28061;salviatoylenia@live.it;PN
Zanin Valentino Macelleria;Via Tagliamento, 10, 33030 Camino al Tagliamento UD;;0432 919040;;UD
Marini Salumi;Via delle Fontane, 39, 33030 Majano UD;http://www.marinisalumi.it/;0432 941666;;UD
Dorth 1931 - Prosciutteria;Via Pordenone, 4, 33081 Aviano PN;http://www.dorth1931.it/;0434 677211;info@dorth1931.it;PN
Custom Officina d'Idee;Viale Michelangelo Grigoletti, 8, 33170 Pordenone PN;http://www.customidee.com/;348 229 4956;info@customidee.com;PN
I Magredi S.r.l.;Via del Sole, 15, 33090 Domanins PN;http://www.imagredi.com/;0427 94720;info@imagredi.com;PN
Ei Xio - Belgian Beer Shop & Small Pub;Via Beato Odorico, 8, 33170 Pordenone PN;https://www.facebook.com/HeiZio;373 881 3951;;PN
Latteria San Pietro Cordenons;Via S. Pietro, 27, 33084 Cordenons PN;;0434 581246;;PN
Magris Enzo;Via M. Ciotti, 20, 33086 Montereale Valcellina PN;;0427 79027;;PN
Osteria alla Frasca;Via Prà, 45, 33170 Pordenone PN;http://www.allafrascadapier.com/;348 091 4880;;PN
Azienda Agricola Agriturismo Borgo Titol;Località Titol, 1, 33090 Tramonti di sopra PN;https://www.borgotitol.com/;345 244 9541;;PN
Ipercoop Centro Commerciale Meduna;Via Musile, 9/32, 33170 Pordenone PN;http://www.centromeduna.it/;0434 525311;info@centromeduna.it;PN
Enoteca Al Campanile;Vicolo del Campanile, 1 c, 33170 Pordenone PN;http://www.facebook.it/Al%20Campanile//;0434 520628;;PN
Al-Gel S.r.l.;Via Chiavornicco, 39, 33084 Cordenons PN;http://www.algel.it/;0434 540206;store@algel.eu;PN
da Marino Panificio Pasticceria Prata Centro PN;Via C. Battisti, 21, 33080 Prata di Pordenone PN;http://www.panificiodamarino.it/;0434 610481;panificiodamarino@gmail.com info@panificiodamarino.it;PN
Salumificio F.lli Felicetti S.r.l. Moena - SPACCIO;Str. della Comunità de Fiem, 19, 38035 Moena TN;http://www.felicettispeck.it/;0462 573347;;TN
Prosciutteria IE San Daniele;Via Gemona, 17, 33038 San Daniele del Friuli UD;http://www.prosciutterie.com/;0432 940280;cortina@prosciutterie.com info@prosciutterie.com. udine@prosciutterie.com piccolobar@prosciutterie.com grado@prosciutterie.com sandaniele@prosciutterie.com gemona@prosciutterie.com info@prosciutterie.com villasandi@prosciutterie.com jonnyluanie@prosciutterie.com palmanova@prosciutterie.com;UD
"Nonno Eugenio " - Salumi dal 1916;Str. per Riano, 7, 43013 Langhirano PR;http://saluminonnoeugenio.it/;0521 857368;MAILinfo@saluminonnoeugenio.it info@saluminonnoeugenio.it;PR
Latteria di Aviano (Casearia Del Ben);Via Vittorio Veneto, 45, 33081 Castello d'Aviano PN;http://www.latteriadiaviano.it/;0434 651330;info@latteriadiaviano.it;PN
Pam Pordenone Grigoletti;Viale Michelangelo Grigoletti, 74, 33170 Pordenone PN;https://www.pampanorama.it/punti-vendita/pordenone-grigoletti;0434 366892;;PN
Salumificio Valpolicella;Via Casa Rossa, 5, 37029 San Pietro in Cariano VR;http://www.salumificiovalpolicella.it/;045 770 2522;;VR
Latteria Di Bannia;Via Manzoni, 88, 33080 Fiume Veneto PN;https://www.facebook.com/di.Bigai.Marco/;0434 175 0202;;PN
0434 Cafè;Corso Garibaldi, 49A, 33170 Pordenone PN;http://www.0434cafe.it/;0434 247059;focus-within-polyfill@5.0.9 react@16.14.0 react-dom@16.14.0 8eb368c655b84e029ed79ad7a5c1718e@sentry.wixpress.com 831126cb46b74583bf6f72c5061cba9d@sentry-viewer.wixpress.com lodash@4.17.21 605a7baede844d278b89dc95ae0a9123@sentry-next.wixpress.com core-js-bundle@3.2.1 info@0434cafe.it;PN
aMano;Largo della Barriera Vecchia, 11, 34129 Trieste TS;https://www.facebook.com/amanotrieste;040 965 0848;;TS
Macelleria Carnimania;34137 Trieste TS;;040 764715;;TS
Prontopesca;Via Alfonso Valerio, 66, 34127 Trieste TS;http://www.prontopesca.it/;335 565 3268;popper.js@1.16.0 info@prontopesca.it;TS
Elita Srl Servizi di Recapito;Via Marsala, 180/19, 33100 Udine UD;http://www.elitasrl.com/;0432 661208;jquery@3.5.1 info@elitasrl.com info@pec.elitasrl.com popper.js@1.16.1 bootstrap@4.6.1;UD
Salumificio Gressani Di Fausto Gressani & C. (S.A.S.);Via della Chiesa, 28, 33010 Feletto Umberto UD;https://www.gruppodoro.com/;0432 573139;gruppodoro@gmail.com;UD
Sapori Friulani S.R.L. Spaccio Salumi Vida Formaggi Tipici;Piazza Libertà, 5, 33040 Povoletto UD;;380 687 1667;;UD
Formaggi e Salumi di Mortegliano;Via Gemona, 31, 33100 Udine UD;;339 460 1943;;UD
Zoratti Srl;Via Perugia, 3, 33010 Tavagnacco UD;https://www.zoratti.net/;0432 573083;;UD
Prosciuttificio F.Lli Molinaro S.R.L.;Via Prevalin, 11, 33030 San Giacomo UD;http://www.fllimolinaro.com/;0432 957737;info@fllimolinaro.com;UD
Salumificio Pitaccolo G. S.R.L.;Via dell'Olmo, 33030 Varmo UD;http://www.salumificiopitaccolo.com/;0432 778448;;UD
Spaccio Carni;Via Malignani, 2, 33050 Castions di Strada UD;;;;UD
Testa & Molinaro Spa;Via Tagliamento, 41, 33038 San Daniele del Friuli UD;http://www.testaemolinaro.it/;0432 957353;;UD
Prosciuttificio Framon SpA;Via Nazionale, 8, 33038 Zona Industriale Prosciutti UD;;0432 956401;;UD
La Vecje Salumerie (S.N.C.);Via Strada Vecchia Per Rivignano 9/11, 33050 Rivignano Teor UD;http://www.lavecjesalumerie.com/;0432 773363;;UD
Prosciuttificio Il Camarin;Via S. Luca, 24, 33038 San Daniele del Friuli UD;http://www.ilcamarin.it/;0432 942125;ilcamarin.prosciutti@pec.it ilcamarin.prosciutti@gmail.com;UD
Azienda Agricola Dordolo vendita diretta;Via Codugnella, 39, 33010 Caporiacco UD;http://www.agricoladordolo.it/lastoria.html;340 606 8011;info@jwebcode.com;UD
Prosciuttificio La Glacere;Via Osoppo, 9, 33038 San Daniele del Friuli UD;http://www.laglacere.it/;0432 954102;iltuo@email.it info@laglacere.it;UD
Leoncini Prosciutti;Via Venezia, 204, 33038 San Daniele del Friuli UD;;0432 942023;;UD
Società Agricola Famiglia Andreatta;Via Roma, 64, 33050 Bicinicco UD;https://famiglia-andreatta.business.site/?utm_source=gmb&utm_medium=referral;333 476 7131;;UD
Arbea Srl;Località Aonedis, 1, 33038 San Daniele del Friuli UD;http://www.arbea.eu/;0432 953075;info@arbea.eu;UD
Molinari Salumi;Via Giulio Cesare, 26, 33020 Zuglio UD;http://salumimolinari.it/;0433 40941;info@salumimolinari.it mllegeorgesand@gmail.com;UD
Prosciuttificio Levoni SpA;Via Aonedis, 33038 Aonedis UD;https://www.levoni.it/;0432 956265;;UD
Maggie srl;Via dei Laghi, 28, 33040 Torreano UD;http://maggiesrl.it/;0432 715232;slick-carousel@1.8.1 info@maggiesrl.it;UD
A. & B. Prosciutti S.p.A.;Via Aonedis, 11, 33038 San Daniele del Friuli UD;http://www.prosciuttosandaniele.it/;0432 956485;;UD
Prosciuttificio Zanini Gio Batta;Via da l'Ancone, 2 Fr, 33038 Villanova UD;;0432 956017;;UD
Salumi Stella Di Pitton Roberto;Via Dante Alighieri, 16, 33041 Aiello del Friuli UD;;0431 999541;;UD
Dentesano salumi Srl;Via Giuseppe Garibaldi, 7, 33040 Campolongo Tapogliano UD;http://www.dentesano.it/;0431 99018;info@dentesano.it shop@dentesano.it shop@dentesano.it. info@amazingfood.it;UD
Il Grifone Srl;Via Principale, 37, 33030 Pozzalis UD;https://www.ilgrifonesalumi.eu/;0432 809527;info@ilgrifonesalumi.eu;UD
San Dan - Prosciutti Srl;Località Aonedis, 11, 33038 San Daniele del Friuli UD;http://www.sandanprosciutti.com/;0432 956767;info@sandanprosciutti.it;UD
Salumi e Formaggi Narduzzi Nicola;Via Pazzan, 6, 33010 Pagnacco UD;http://www.saluminarduzzi.it/;0432 661155;info@saluminarduzzi.it;UD
Suavis Srl;Via Nazionale, 18, 33038 San Daniele del Friuli UD;http://www.suavisprosciutti.com/;0432 956966;info@suavisprosciutti.it;UD
BERTOLINI WILD SRL;Via Benedetto Cairoli, 1, 33100 Udine UD;http://www.bertolini-wild.it/;0432 148 1534;;UD
Bottega del Prosciutto S.n.c. di Gregoris L.& C.;Via Umberto I, 4, 33038 San Daniele del Friuli UD;https://www.bottegadelprosciutto.com/;0432 957043;;UD
Friulforte Salumi S.R.L.;Via Avilla, 53, 33030 Buia UD;;0432 969394;;UD
I Salumi Di Carnia Srl;Via Guart di Luincis, 34, 33025 Ovaro UD;http://www.isalumidicarnia.it/;0433 619043;info@isalumidicarnia.it focus-within-polyfill@5.0.9 react@16.14.0 769f83aada4840c29efbc05d46a89981@sentry-viewer.wixpress.com react-dom@16.14.0 8c4075d5481d476e945486754f783364@sentry.io 8eb368c655b84e029ed79ad7a5c1718e@sentry.wixpress.com 831126cb46b74583bf6f72c5061cba9d@sentry-viewer.wixpress.com lodash@4.17.21 605a7baede844d278b89dc95ae0a9123@sentry-next.wixpress.com core-js-bundle@3.2.1;UD
Macelleria Orlandi di Orlandi Giorgio;Via Tiberio Deciani, 15, 33035 Martignacco UD;;0432 677205;;UD
Uanetto Carni Uanetto Carni Di Dose Dolores;Via Divisione Julia, 23, 33050 Mortegliano UD;;0432 760049;;UD
Principe di San Daniele Spa;Via Venezia, 222/224, 33038 San Daniele del Friuli UD;;0432 942083;;UD
Nuova Mondial (S.P.A.);Via Venezia, 220, 33030 San Daniele del Friuli UD;;0432 957638;;UD
Prosciuttificio Friulano;33038 San Daniele del Friuli UD;http://www.friulanosandaniele.it/;0432 957492;info@friulanosandaniele.it;UD
Io Prosciutto S.r.l.;Via Europa, 12, 33038, 33038 San Daniele del Friuli UD;http://prosciuttosandaniele.it/producer/io-prosciutto/;;;UD
Brendolan Prosciutti S.P.A.;Località Aonedis, 11, 33038 San Daniele del Friuli UD;;0432 953078;;UD
Pezzetta S.r.l.;Via Spilimbergo, 220, 33034 Fagagna UD;http://www.pezzetta.it/;0432 810827;info@pezzetta.it;UD
Brendolan Service Srl;Via Aonedis, 13, 33038 Aonedis di Là UD;http://www.brendolanservice.com/;0432 956592;;UD
Macelleria Pez Mauro Marco Friuli - Venezia Giulia;Via Trieste, 7, 33050 Gonars UD;;0432 992441;;UD
A&B prosciutti S.p.A;Via Della Maina Lato Scuole, 33021 Ampezzo UD;;;;UD
Adami Egidio Di Adami Carlo;Via Pissebus, 15, 33028 Tolmezzo UD;;0433 2917;;UD
Macelleria Scatton Di Coletti Cinzia & C. Snc;Via Grap, 15, 33030 Forgaria Nel Friuli UD;http://www.salumificiocoletti.it/;0427 808015;;UD
Selva Alimentari Spa;Via Aonedis, 33038 Aonedis di Là UD;;0432 956275;;UD
Dri Andrea & C. Snc;Via della Vittoria, 1, 33050 Corgnolo UD;;0431 60047;;UD
Salumi & Sapori Di Timau-Mentil;Via Maria Plozner Mentil, 42, 33026 Timau UD;;0433 779008;;UD
Filiera Uno Prosciutti SRL;33038 Zona Industriale Prosciutti UD;https://filieraunoprosciutti.it/;0432 956636;;UD
Mariangela & C. S.A.S. Di Cressa Amelio;33030 Carpacco UD;;0432 953049;;UD
Degustazione Prosciutti Picaron;Via Nazionale, 3-5, 7, 33038 San Daniele del Friuli UD;http://www.degustazionepicaron.it/;0432 956769;info@degustazionepicaron.it;UD
Latteria Borgo Paludo di Fagagna;Via S. Daniele, 10, 33034 Fagagna UD;http://www.latteriaborgopaludo.it/;0432 800215;;UD
Salumificio Pedrazzoli;Via S. Giovanni, 16/A, 46020 San Giovanni del Dosso MN;http://www.salumificiopedrazzoli.it/;0386 757332;;MN
Carni Passon Di Passon Guido E C. S.a.s.;Borgo Curminie, 23, 33010 Montenars UD;;0432 785569;;UD
Delizie Natura srl;Via Ettore Pancini, 7, 33030 Varmo UD;http://www.delizienatura.com/;0432 775946;info@delizienatura.it;UD
Brendolan Prosciutti;33038 San Daniele del Friuli UD;;;;UD
Antares Romano Di Paolo Antares C. Sas;Via Maurino, 21, 33040 Savorgnano del Torre UD;;0432 666825;;UD
Queen's s.p.a.;28, Via Sant'andrat, San Daniele Del Friuli, UD 33038;;0432 955956;;33038
Baita Susi;Via S. Giorgio, 17, 33043 Cividale del Friuli UD;;0432 733977;;UD
Azienda del Poggio s.s.;Via San Clemente, Via sant'Ippolito, 1, 33034 Fagagna UD;http://aziendadelpoggio.it/;347 469 7434;info@aziendadelpoggio.it;UD
Zoratti Marmi Zoratti Service S.r.l.;Via Giovanni Martini, 55, 33100 Udine UD;https://www.zorattimarmi.com/;0432 532663;;UD
Cesepro Srl;Via Jacopo Pirona, 15, 33038 San Daniele del Friuli UD;;;;UD
Azienda Agricola Castellani Dino;Via delle Sorgenti, 6, 33038 San Daniele del Friuli UD;;0432 954235;;UD
Macelleria Comand;Via Garibaldi, 1, 33050 Mortegliano UD;;0432 760008;;UD
F.Lli Fontana Srl;Via del Cotonificio, 22, 33100 Pasian di Prato UD;;0432 411431;;UD
Boutique Alimentare Garlatti;Piazza Vittorio Emanuele, 20, 33038 San Daniele del Friuli UD;;0432 957048;;UD
Negroni - AIA Spa - San Daniele 1;Via Venezia, 228, 33038 San Daniele del Friuli UD;http://www.negroni.com/;0432 956411;;UD
Friultrota;Via Aonedis, 10, 33038 San Daniele del Friuli UD;http://www.friultrota.com/;0432 956560;info@friultrota.it;UD
MACELLERIA 2B Eurocarne S.N.C.;Via Giulia Augusta, 12, 33050 Terzo D'aquileia UD;;0431 32496;;UD
La Riviera Struzzi;Via Divisione Julia, 55, 33010 Magnano In Riviera UD;https://struzzinordest.it/;0432 794958;fabiogerussi@gmail.com;UD
Elisa Brisinello;Via Jacopo Marinoni, 6/A, 33100 Udine UD;http://elisabrisinelloosteopata.it/;;.commailgtia@ateopo.osellnsi.brilisae;UD
Salumificio f.lli coati;Via Monti Lessini, 36, 37020 San Rocco VR;https://www.salumificiocoati.it/;;;VR
Del Piccolo Paolo;Via XXIV Maggio, 32, 33052 Cervignano del Friuli UD;;0431 32263;;UD
Nord Diesel Concessionaria e Officina Aut. Man;Via Ferrara, 1/2, 33010 Tavagnacco UD;http://norddiesel.it/;0432 572733;info@norddiesel.it accettazione.pn@norddiesel.it;UD
Silicanum;Via degli Scogli, 34170 Gorizia GO;http://www.agriturismi.it/it/friuli-venezia-giulia/gorizia/agriturismo_silicanum.html;0481 538556;;GO
Società Agricola Colmello Di Grotta;Via Gorizia, 133, 34072 Grotta GO;http://www.colmello.it/;0481 888445;info@colmello.it PHOTO-2021-07-05-09-25-17@2x.jpg;GO
Salumificio DelVecchio;Via Madonna dell'Olivo, 105, 47521 Cesena FC;http://www.delvecchio.it/;0547 300770;salumi@delvecchio.it;FC
Marc Igor;Via di Cologna, 45, 34127 Trieste TS;;040 568797;;TS
CONAD CITY;Viale Locchi, 14/16, 34170 Gorizia GO;https://www.conad.it/ricerca-negozi/conad-city-viale-locchi-14-16-34170--gorizia--006367;0481 550597;;GO
Francesco Franchi S.R.L.;Via Montrigone, 144, 13011 Borgosesia VC;http://www.salumifranchi.com/;0163 24801;SALUMI-FRANCHI-marchiopayoff-bianco@2-200x166.png SALUMI-FRANCHI-marchiopayoff-bianco@2.png info@salumifranchi.com;VC
Salumificio Sandri - salumi tipici toscani;Località Mezzavia, Strada Provinciale dei Tre Comuni, 56040 Montescudaio PI;http://www.salumificiosandri.it/;0586 650242;info@salumificiosandri.it;PI
La Caveja Piadineria;Piazza della Vittoria, 37, 34170 Gorizia GO;https://www.la-caveja.it/;0481 067124;red@2x.png info@la-caveja.it blue@2x.png;GO
MIAIDEA;;http://www.miaidea.eu/;348 643 9911;;
La Macelleria Brombara;Rotonda del Boschetto, 1, 34126 Trieste TS;;040 54381;;TS
Bozic Stefano;Via di Giarizzole, 10, 34148 Trieste TS;;040 810352;;TS
Salumeria Toich;Via Pasquale Revoltella, 81, 34139 Trieste TS;;;;TS
Salumi e formaggi di Giacomini Daniela;Viale S. Daniele, 51, 33100 Udine UD;;0432 502830;;UD
Stazione Gjulia - Agri-Ristoro (birrificio Gjulia) - Fontana Della Birra;Zona Industriale di Azzida 27, 33049 San Pietro Al Natisone UD;https://www.facebook.com/gjulia.agriristoro;331 100 9370;;UD
La MaNo Srl;Là di Mirco alimentari, Piazza Giuseppe Mazzini, 8, 33019 Tricesimo UD;http://www.ladimirco.com/;0432 851161;;UD
Facciolo Renato;Via Castello, 11, 33085 Maniago PN;;0427 730251;;PN
