Salumificio Frachetti Egidio|Piazza dei Predaroi, 5/6, 38121 Villamontagna TN|http://www.frachetti.it/|0461 209082|webmaster@example.com|TN
Carni Troier Salumi|38015 Lavis TN|http://www.carnitroier.it/index.php/dove-siamo|0461 241423||TN
Salumificio Trentino (S.R.L.)|Località Mala, 12, 38069 Nago-Torbole TN|http://www.salumificiotrentino.com/|0464 540111|info@salumificiotrentino.com|TN
Furlani Carni S.P.A.|Via Ezio Maccani, 144, 38121 Trento TN|http://furlanicarni.it/|0461 823122|qualita@furlanicarni.it info@furlanicarni.it vendite@furlanicarni.it amministrazione@furlanicarni.it|TN
La Salumeria Belli|Piazza Oveno, 1, 38123 Sopramonte TN|http://www.salumeriabelli.it/|0461 866130||TN
Salumificio Val Rendena Spa|Via IV Novembre, 71, 38094 Porte di Rendena TN|http://www.salumificiovalrendena.it/|0465 801031|ordini@salumificiovalrendena.it servizioclienti@salumificiovalrendena.it qualita@salumificiovalrendena.it ordini2@salumificiovalrendena.it|TN
Bontà delle Alpi - Salumi e formaggi - di Fiamozzi Anselmo|Piazza Alessandro Vittoria, 6, 38122 Trento TN||347 370 7979||TN
Belli Gilberto & Giampaolo Snc|38123 Trento TN||||TN
SALUMIFICIO PARISI - Produzione speck, carne salada e salumi tipici. Stabilimento e spaccio|Frazione Madice, 54, 38071 Bleggio superiore TN|http://www.salumificioparisi.it/|0465 779951|info@salumificioparisi.it|TN
Shop Segata Gardolo|Gardolo, Via Soprasasso, 22, 38121 Trento TN|https://www.segata.com/|0461 993696||TN
Macelleria Belli di G. & G. Belli snc|Piazza Alessandro Vittoria, 6, 38122 Trento TN||0461 262469||TN
Pine' Salumi Sas Di Casagranda Bruno E C.|Via Giuseppe Verdi, 15, 38043 Centrale TN|http://pinesalumi.it/|0461 555235|info@pinesalumi.it|TN
Salumificio Val Rendena|Via Cesena, 7, 38095 Tre Ville TN|http://www.salumificiovalrendena.it/|0465 801031|ordini@salumificiovalrendena.it servizioclienti@salumificiovalrendena.it qualita@salumificiovalrendena.it ordini2@salumificiovalrendena.it|TN
Macelleria|Via del Brennero, 80, 38121 Trento TN||||TN
Segata S.p.a.|Strada per Sopramonte, 40, 38123 Cadine TN|https://www.segata.com/|0461 866174||TN
Salumificio di Casa Largher srl|Località Lago Santo, 3, 38034 Cembra TN|http://www.pastramiandco.it/|0461 683082|info@largher.it|TN
Lunelli Specialità Alimentari Trento|Via Giuseppe Mazzini, 46, 38122 Trento TN|http://www.lunelli.it/|0461 238053||TN
Fratelli Corrà Salumi Trentini|Via Roen, 2/c, 38012 Smarano TN|https://www.fratellicorra.it/|0463 536160|acquisti@fratellicorra.it|TN
Macelleria Salumificio Torresani|Via Santo Stefano, 66 Fraz, 38028 Cloz TN|http://www.salumificiotorresani.it/|0463 874558|info@salumificiotorresani.it|TN
Macelleria Troier|Via Roma, 13, 38015 Lavis TN|http://www.carnitroier.it/|0461 246317||TN
La Salumeria|Via Giuseppe Mazzini, 46, 38122 Trento TN|https://www.saporitipicitrentini.it/|||TN
Hauser Carni - Hauser Prosciutti|Via Canè, 138, 38016 Mezzocorona TN|http://www.hausercarni.it/|0461 651000|Logistica@hausercarni.it Info@hauserprosciutti.it info@pec.hauserprosciutti.it Ordini@hausercarni.it amministrazione@hausercarni.it ordini@hausercarni.it info@hausercarni.it logistica@hausercarni.it Amministrazione@hausercarni.it info@pec.hausercarni.it info@hauserprosciutti.it|TN
Marchiori Carni e Salumi snc|Località Fanch, 01, 38013 Fondo TN|http://www.salumimarchiori.it/|0463 831119||TN
Salumi Simonini|Via dell'Artigianato, 1, 38061 Ala TN|https://salumisimonini.it/|0464 670587|info@salumisimonini.it|TN
Abram Speck e Salumi|Via G. Mazzini, 3, 38011 Sarnonico TN|http://www.abramspeck.com/|0463 831268||TN
Brenta Salumi|Frazione Borzago, 56/B, 38088 Spiazzo TN|https://brentasalumi.weebly.com/|0465 800082|info@brentasalumi.it|TN
Vialo Trento Trade|Via Luigi Negrelli, 10, 38015 Lavis TN|http://www.vialotrentotrade.it/|0461 241212||TN
Bome Srl|Via al Ben, 3, 38085 Prezzo TN|https://www.bome.it/|0465 674226|bome@pec.it bome@bome.it|TN
Macelleria Salumeria Bottega Storica Trentina Di Malench Luca|Piazza di S. Vittore, 19, 38012 Predaia TN||0463 468194||TN
SIMONINI - Macelleria, salumeria e prodotti tipici|Via della Roggia, 8, 38061 Ala TN|https://www.gruppodoro.com/|0464 671264|gruppodoro@gmail.com|TN
Macelleria MEGGIO|Via Vittorio Emanuele, 98, 38055 Grigno TN|http://www.meggiocarniesalumi.com/|0461 765135|focus-within-polyfill@5.0.9 meggionicoletta@virgilio.it core-js-bundle@3.2.1 8eb368c655b84e029ed79ad7a5c1718e@sentry.wixpress.com 831126cb46b74583bf6f72c5061cba9d@sentry-viewer.wixpress.com react-dom@16.14.0 lodash@4.17.21 769f83aada4840c29efbc05d46a89981@sentry-viewer.wixpress.com react@16.14.0|TN
Carni E Salumi F.Lli Anselmi|Str. Principale, 41, 38022 Caldes TN|http://www.carniesalumifratellianselmi.com/|0463 901063||TN
Macelleria Cainelli Marco & C. (S.N.C.)|Via di Revòlta, 27, 38123 Sopramonte TN|http://www.macelleriacainelli.it/|0461 866124||TN
Salumificio F.lli Felicetti S.r.l. Moena - SPACCIO|Str. della Comunità de Fiem, 19, 38035 Moena TN|http://www.felicettispeck.it/|0462 573347||TN
La Bottega del Pinelo di Anselmi Franco - I salumi della Val di Sole|Via Nazionale, 112, 38027 Croviana TN|http://www.francoanselmi.it/|0463 901326|franco.anselmi@pec.it info@francoanselmi.it|TN
Sommadossi Maurizio|Località Isoletta, 6, 38074 Pietramurata TN|http://prosciutto-sommadossi.it/|0464 507116|info@prosciutto-sommadossi.it|TN
Antiche bontà di Saone|via Baldo, 2, 38079 Saone TN|http://antichebontadisaone.it/|0465 321423|info@antichebontadisaone.it|TN
Salumificio Volpi (S.P.A.)|Via Roma, 41, 25060 Collebeato BS|http://www.salumificiovolpi.it/|030 251 0551||BS
Latte Trento|Via Monaco 5 settore F, 38121 Trento TN|http://www.lattetrento.it/|0461 960848|manuel.cerana@lattetrento.it ufficio.ordini@lattetrento.it info@lattetrento.it daniel.pichler@lattetrento.it ordiniufficio.ordini@lattetrento.it|TN
